Name,Updated_on
videos\Anton,2020-10-03 17:01:50.795934
videos\Anton,2020-10-03 17:02:37.365457
videos\Anton,2020-10-03 17:02:47.066967
videos\Anton,2020-10-03 17:04:49.554950
videos\Anton,2020-10-03 17:05:23.486564
videos\Anton,2020-10-03 17:05:59.382014
videos\Arun,2020-10-03 17:06:48.988836
videos\Bala,2020-10-03 17:06:55.607801
videos\Jaya,2020-10-03 17:07:03.821119
videos\Kevin,2020-10-03 17:07:13.742112
videos\Siva,2020-10-03 17:07:21.761596
Fake,2020-10-03 17:07:27.593483
videos\Anton,2020-10-03 17:09:23.085837
videos\Arun,2020-10-03 17:10:08.403995
videos\Bala,2020-10-03 17:10:14.917426
videos\Jaya,2020-10-03 17:10:22.721526
videos\Kevin,2020-10-03 17:10:31.677969
videos\Siva,2020-10-03 17:10:39.053835
Fake,2020-10-03 17:10:44.391653
videos\Anton,2020-10-03 17:19:21.250532
videos\Arun,2020-10-03 17:19:56.651884
videos\Bala,2020-10-03 17:19:59.464890
videos\Kevin,2020-10-03 17:20:02.655361
videos\Siva,2020-10-03 17:20:05.764925
Fake,2020-10-03 17:20:08.131248
videos\Anton,2020-10-03 17:28:19.458702
videos\Arun,2020-10-03 17:29:27.121480
videos\Bala,2020-10-03 17:29:38.521427
videos\Kevin,2020-10-03 17:29:51.806994
videos\Siva,2020-10-03 17:30:05.717489
Fake,2020-10-03 17:30:15.804176
